Workbook

Sheet Dashboard
A1: RECRUITMENT FUNNEL ANALYSIS
A2: Self-initiated portfolio project | All candidate counts are synthetic and illustrative
A4: APPLICANTS | C4: OFFERS ACCEPTED | E4: OVERALL CONVERSION | G4: LARGEST STAGE DROP-OFF
A5: ='Funnel Data'!C5 | C5: ='Funnel Data'!C11 | E5: =IFERROR('Funnel Data'!C11/'Funnel Data'!C5,0) | G5: =MAX('Funnel Data'!D6:D11)
A7: How to read this dashboard
A8: Stage conversion compares candidates in a stage with the previous stage. Overall conversion compares accepted offers with the initial applicant pool. Drop-off is a signal to investigate, not proof of a process failure.
A11: Stage | B11: Candidates | C11: Drop-off | D11: Stage conversion | E11: Cumulative conversion
A12: ='Funnel Data'!B5 | B12: ='Funnel Data'!C5 | C12: ='Funnel Data'!D5 | D12: ='Funnel Data'!E5 | E12: ='Funnel Data'!F5
A13: ='Funnel Data'!B6 | B13: ='Funnel Data'!C6 | C13: ='Funnel Data'!D6 | D13: ='Funnel Data'!E6 | E13: ='Funnel Data'!F6
A14: ='Funnel Data'!B7 | B14: ='Funnel Data'!C7 | C14: ='Funnel Data'!D7 | D14: ='Funnel Data'!E7 | E14: ='Funnel Data'!F7
A15: ='Funnel Data'!B8 | B15: ='Funnel Data'!C8 | C15: ='Funnel Data'!D8 | D15: ='Funnel Data'!E8 | E15: ='Funnel Data'!F8
A16: ='Funnel Data'!B9 | B16: ='Funnel Data'!C9 | C16: ='Funnel Data'!D9 | D16: ='Funnel Data'!E9 | E16: ='Funnel Data'!F9
A17: ='Funnel Data'!B10 | B17: ='Funnel Data'!C10 | C17: ='Funnel Data'!D10 | D17: ='Funnel Data'!E10 | E17: ='Funnel Data'!F10
A18: ='Funnel Data'!B11 | B18: ='Funnel Data'!C11 | C18: ='Funnel Data'!D11 | D18: ='Funnel Data'!E11 | E18: ='Funnel Data'!F11

Sheet Funnel Data
A1: Recruitment Funnel — Stage Data
A2: Synthetic counts for demonstration only; not real hiring data.
A4: Stage order | B4: Stage | C4: Candidates | D4: Drop-off from previous | E4: Stage conversion | F4: Cumulative conversion | G4: Question to investigate
A5: 1 | B5: Applications received | C5: 240 | D5: 0 | E5: 1 | F5: 1 | G5: Starting pool; confirm cohort/time window
A6: 2 | B6: Resume screening passed | C6: 180 | D6: =C5-C6 | E6: =IFERROR(C6/C5,0) | F6: =IFERROR(C6/$C$5,0) | G6: Review screening criteria and role requirements
A7: 3 | B7: Recruiter screen passed | C7: 110 | D7: =C6-C7 | E7: =IFERROR(C7/C6,0) | F7: =IFERROR(C7/$C$5,0) | G7: Review scheduling, candidate expectations and role alignment
A8: 4 | B8: Hiring manager interview passed | C8: 70 | D8: =C7-C8 | E8: =IFERROR(C8/C7,0) | F8: =IFERROR(C8/$C$5,0) | G8: Review interview turnaround and evaluation consistency
A9: 5 | B9: Final interview completed | C9: 32 | D9: =C8-C9 | E9: =IFERROR(C9/C8,0) | F9: =IFERROR(C9/$C$5,0) | G9: Review panel availability and process length
A10: 6 | B10: Offer extended | C10: 18 | D10: =C9-C10 | E10: =IFERROR(C10/C9,0) | F10: =IFERROR(C10/$C$5,0) | G10: Review decision approvals and offer timelines
A11: 7 | B11: Offer accepted | C11: 14 | D11: =C10-C11 | E11: =IFERROR(C11/C10,0) | F11: =IFERROR(C11/$C$5,0) | G11: Capture decline reasons where voluntarily provided
A13: Cohort assumption | B13: This simplified exercise treats the stage counts as one sequential cohort. Real recruiting data can include parallel stages, re-entry, withdrawals, multiple roles and different reporting windows.

Sheet Insights & Method
A1: Interpretation, limitations and next steps
A3: Topic | B3: Portfolio finding / guidance
A4: Project type | B4: Self-initiated case study using synthetic stage-level counts.
A5: Illustrative observation 1 | B5: The largest absolute drop-off is 70 candidates between resume screening passed (180) and recruiter screen passed (110). This identifies a stage to investigate, not a cause.
A6: Illustrative observation 2 | B6: The overall application-to-acceptance conversion is 14 / 240 = 5.8% for this simplified sequential funnel.
A7: Illustrative observation 3 | B7: 18 offers extended and 14 accepted gives a 77.8% offer acceptance rate within this illustrative dataset.
A8: Definitions | B8: Stage conversion = current-stage candidates ÷ previous-stage candidates. Cumulative conversion = current-stage candidates ÷ initial applicants. Drop-off = previous-stage count − current-stage count.
A9: Interpretation guardrail | B9: Counts alone do not explain why candidates leave. Validate stage definitions, cohort windows, role mix, withdrawals, source channel, time-in-stage and data quality before drawing conclusions.
A10: Recommendation 1 | B10: Track time-in-stage alongside conversion to distinguish possible scheduling friction from candidate decisions.
A11: Recommendation 2 | B11: Capture standardised withdrawal and offer-decline reasons only when appropriate, with clear privacy controls and voluntary feedback where possible.
A12: Recommendation 3 | B12: Use consistent screening and interview criteria; compare roles or sources only when definitions and sample sizes are appropriate.
A13: Next iteration | B13: Add row-level synthetic records with role family, source channel, stage dates and outcome reason; build PivotTables and segmented views.

Sheet Data Dictionary
A1: Field | B1: Type | C1: Definition
A2: Stage order | B2: Integer | C2: Sequential order used in this simplified example.
A3: Stage | B3: Text | C3: Recruitment stage label; stage definitions should be agreed before analysis.
A4: Candidates | B4: Integer | C4: Synthetic count entering or completing the stated stage.
A5: Drop-off from previous | B5: Integer | C5: Prior stage count minus current stage count.
A6: Stage conversion | B6: Percentage | C6: Current stage count divided by previous stage count.
A7: Cumulative conversion | B7: Percentage | C7: Current stage count divided by initial applicant count.
A8: Question to investigate | B8: Text | C8: A hypothesis prompt for further review; not a proven explanation.
